Problem, Method, Param1, Param2, Param3, SolutionValue, Time
1, GA,100,10,0.01,1269.0,3.92436695099
1, SA,500,0.85,1e-05,1272.0,0.413181066513
1, GA,100,10,0.05,996.0,3.91092014313
1, SA,500,0.85,0.001,1201.0,0.296503067017
1, GA,100,10,0.1,1432.0,3.92313599586
1, SA,500,0.85,0.1,1203.0,0.20445394516
1, GA,100,25,0.01,1244.0,4.98217391968
1, SA,500,0.9,1e-05,1320.0,0.628443956375
1, GA,100,25,0.05,1255.0,4.98802709579
1, SA,500,0.9,0.001,1294.0,0.464857816696
1, GA,100,25,0.1,1120.0,5.00746798515
1, SA,500,0.9,0.1,1245.0,0.293797969818
1, GA,100,50,0.01,1046.0,6.77976107597
1, SA,500,0.95,1e-05,1367.0,1.26686286926
1, GA,100,50,0.05,1273.0,6.79115104675
1, SA,500,0.95,0.001,1382.0,0.936999082565
1, GA,100,50,0.1,1319.0,6.80075788498
1, SA,500,0.95,0.1,1243.0,0.625356912613
1, GA,100,100,0.01,951.0,0.0788280963898
1, SA,500,0.99,1e-05,1361.0,6.50523209572
1, GA,100,100,0.05,1165.0,0.0786418914795
1, SA,500,0.99,0.001,1350.0,4.79373788834
1, GA,100,100,0.1,892.0,0.0792031288147
1, SA,500,0.99,0.1,1336.0,3.11001491547
1, GA,200,10,0.01,1501.0,6.97501802444
1, SA,750,0.85,1e-05,1248.0,0.415117025375
1, GA,200,10,0.05,1211.0,7.0626540184
1, SA,750,0.85,0.001,1316.0,0.31568980217
1, GA,200,10,0.1,1225.0,7.06087589264
1, SA,750,0.85,0.1,1316.0,0.203973054886
1, GA,200,25,0.01,1191.0,8.17422413826
1, SA,750,0.9,1e-05,1310.0,0.652431964874
1, GA,200,25,0.05,1215.0,8.23559403419
1, SA,750,0.9,0.001,1311.0,0.489190816879
1, GA,200,25,0.1,1447.0,8.2383658886
1, SA,750,0.9,0.1,1274.0,0.313879966736
1, GA,200,50,0.01,1273.0,10.1832580566
1, SA,750,0.95,1e-05,1304.0,1.32223320007
1, GA,200,50,0.05,1204.0,10.2353150845
1, SA,750,0.95,0.001,1399.0,0.990680932999
1, GA,200,50,0.1,1396.0,10.2563090324
1, SA,750,0.95,0.1,1280.0,0.636586904526
1, GA,200,100,0.01,1402.0,14.1952540874
1, SA,750,0.99,1e-05,1380.0,6.69273996353
1, GA,200,100,0.05,1418.0,14.2243258953
1, SA,750,0.99,0.001,1371.0,4.97874903679
1, GA,200,100,0.1,1260.0,17.2008810043
1, SA,750,0.99,0.1,1266.0,3.2696211338
1, GA,500,10,0.01,1304.0,16.5890340805
1, SA,1000,0.85,1e-05,1250.0,0.416778802872
1, GA,500,10,0.05,1207.0,23.6207990646
1, SA,1000,0.85,0.001,1275.0,0.321625232697
1, GA,500,10,0.1,1287.0,16.5621631145
1, SA,1000,0.85,0.1,1301.0,0.204215049744
1, GA,500,25,0.01,1225.0,25.0675570965
1, SA,1000,0.9,1e-05,1282.0,0.646107912064
1, GA,500,25,0.05,1217.0,25.3472509384
1, SA,1000,0.9,0.001,1311.0,0.478143930435
1, GA,500,25,0.1,1347.0,25.3008458614
1, SA,1000,0.9,0.1,1304.0,0.329118967056
1, GA,500,50,0.01,1434.0,20.4498598576
1, SA,1000,0.95,1e-05,1342.0,1.32040596008
1, GA,500,50,0.05,1388.0,27.7146368027
1, SA,1000,0.95,0.001,1275.0,0.985335111618
1, GA,500,50,0.1,1327.0,21.1547141075
1, SA,1000,0.95,0.1,1264.0,0.666671991348
1, GA,500,100,0.01,1593.0,25.532189846
1, SA,1000,0.99,1e-05,1396.0,6.77585411072
1, GA,500,100,0.05,1484.0,25.5937261581
1, SA,1000,0.99,0.001,1357.0,5.06092715263
1, GA,500,100,0.1,1537.0,25.719586134
1, SA,1000,0.99,0.1,1343.0,3.39538693428
1, GA,750,10,0.01,1359.0,35.0838329792
1, SA,2000,0.85,1e-05,1328.0,0.42205119133
1, GA,750,10,0.05,1306.0,24.4062440395
1, SA,2000,0.85,0.001,1248.0,0.338409900665
1, GA,750,10,0.1,1389.0,24.7683961391
1, SA,2000,0.85,0.1,1214.0,0.221145153046
1, GA,750,25,0.01,1230.0,26.5246639252
1, SA,2000,0.9,1e-05,1301.0,0.673768043518
1, GA,750,25,0.05,1218.0,36.9607899189
1, SA,2000,0.9,0.001,1208.0,0.50395488739
1, GA,750,25,0.1,1345.0,26.2192540169
1, SA,2000,0.9,0.1,1361.0,0.349935054779
1, GA,750,50,0.01,1509.0,28.8807480335
1, SA,2000,0.95,1e-05,1315.0,1.39512896538
1, GA,750,50,0.05,1503.0,29.4380149841
1, SA,2000,0.95,0.001,1306.0,1.03979206085
1, GA,750,50,0.1,1503.0,29.1467020512
1, SA,2000,0.95,0.1,1318.0,0.70779299736
1, GA,750,100,0.01,1434.0,35.1609811783
1, SA,2000,0.99,1e-05,1422.0,7.03820991516
1, GA,750,100,0.05,1342.0,46.2132968903
1, SA,2000,0.99,0.001,1337.0,5.30221295357
1, GA,750,100,0.1,1528.0,35.3700518608
1, SA,2000,0.99,0.1,1326.0,3.64670991898
2, GA,100,10,0.01,1183.0,5.44139289856
2, SA,500,0.85,1e-05,1222.0,0.59588098526
2, GA,100,10,0.05,1109.0,5.44702506065
2, SA,500,0.85,0.001,1206.0,0.441462993622
2, GA,100,10,0.1,1360.0,5.46666502953
2, SA,500,0.85,0.1,1293.0,0.285108089447
2, GA,100,25,0.01,1139.0,6.54068207741
2, SA,500,0.9,1e-05,1349.0,0.901719093323
2, GA,100,25,0.05,1404.0,6.54448986053
2, SA,500,0.9,0.001,1359.0,0.662539958954
2, GA,100,25,0.1,1329.0,6.57468605042
2, SA,500,0.9,0.1,1202.0,0.437035083771
2, GA,100,50,0.01,1107.0,8.37773990631
2, SA,500,0.95,1e-05,1370.0,1.83632707596
2, GA,100,50,0.05,1327.0,8.35832285881
2, SA,500,0.95,0.001,1347.0,1.3758161068
2, GA,100,50,0.1,606.0,8.37484002113
2, SA,500,0.95,0.1,1193.0,0.889918088913
2, GA,100,100,0.01,1337.0,0.0767669677734
2, SA,500,0.99,1e-05,1456.0,9.43271613121
2, GA,100,100,0.05,838.0,0.0750601291656
2, SA,500,0.99,0.001,1411.0,6.99722290039
2, GA,100,100,0.1,1474.0,0.0787081718445
2, SA,500,0.99,0.1,1343.0,4.56949591637
2, GA,200,10,0.01,751.0,10.0857520103
2, SA,750,0.85,1e-05,1299.0,0.602005004883
2, GA,200,10,0.05,958.0,10.1089911461
2, SA,750,0.85,0.001,1236.0,0.449789047241
2, GA,200,10,0.1,1074.0,10.1507890224
2, SA,750,0.85,0.1,1275.0,0.297171831131
2, GA,200,25,0.01,1305.0,11.3058178425
2, SA,750,0.9,1e-05,1322.0,0.91549706459
2, GA,200,25,0.05,1264.0,11.3213450909
2, SA,750,0.9,0.001,1254.0,0.684258937836
2, GA,200,25,0.1,1205.0,8.30578303337
2, SA,750,0.9,0.1,1256.0,0.424277067184
2, GA,200,50,0.01,1250.0,13.3301279545
2, SA,750,0.95,1e-05,1303.0,1.89911794662
2, GA,200,50,0.05,400.0,13.3612589836
2, SA,750,0.95,0.001,1349.0,1.39519691467
2, GA,200,50,0.1,1475.0,13.3792500496
2, SA,750,0.95,0.1,1243.0,0.919312953949
2, GA,200,100,0.01,917.0,17.340790987
2, SA,750,0.99,1e-05,1341.0,9.69049787521
2, GA,200,100,0.05,13.0,17.3730988503
2, SA,750,0.99,0.001,1326.0,7.17754101753
2, GA,200,100,0.1,1486.0,17.3968298435
2, SA,750,0.99,0.1,1356.0,4.76468491554
2, GA,500,10,0.01,1022.0,16.4944398403
2, SA,1000,0.85,1e-05,1226.0,0.611282110214
2, GA,500,10,0.05,1273.0,24.1551651955
2, SA,1000,0.85,0.001,1270.0,0.458745002747
2, GA,500,10,0.1,1261.0,24.2545919418
2, SA,1000,0.85,0.1,1193.0,0.30598282814
2, GA,500,25,0.01,1162.0,25.6509349346
2, SA,1000,0.9,1e-05,1257.0,0.94285607338
2, GA,500,25,0.05,1387.0,25.7309570312
2, SA,1000,0.9,0.001,1190.0,0.68607211113
2, GA,500,25,0.1,1257.0,26.0636210442
2, SA,1000,0.9,0.1,1183.0,0.484814167023
2, GA,500,50,0.01,1354.0,28.5955519676
2, SA,1000,0.95,1e-05,1338.0,1.93738508224
2, GA,500,50,0.05,1236.0,20.9496150017
2, SA,1000,0.95,0.001,1327.0,1.4326839447
2, GA,500,50,0.1,1610.0,28.4825339317
2, SA,1000,0.95,0.1,1299.0,0.97172498703
2, GA,500,100,0.01,1745.0,33.8025090694
2, SA,1000,0.99,1e-05,1345.0,9.71143507957
2, GA,500,100,0.05,1096.0,33.6698200703
2, SA,1000,0.99,0.001,1350.0,7.28728413582
2, GA,500,100,0.1,1364.0,33.7885460854
2, SA,1000,0.99,0.1,1317.0,4.85458803177
2, GA,750,10,0.01,1398.0,35.7839081287
2, SA,2000,0.85,1e-05,1237.0,0.61842918396
2, GA,750,10,0.05,1274.0,35.8775470257
2, SA,2000,0.85,0.001,1183.0,0.478017091751
2, GA,750,10,0.1,1425.0,35.7888739109
2, SA,2000,0.85,0.1,1358.0,0.318837881088
2, GA,750,25,0.01,1321.0,37.5712919235
2, SA,2000,0.9,1e-05,1315.0,0.98167681694
2, GA,750,25,0.05,1211.0,37.6371338367
2, SA,2000,0.9,0.001,1227.0,0.748646974564
2, GA,750,25,0.1,1321.0,37.7566289902
2, SA,2000,0.9,0.1,1288.0,0.505587100983
2, GA,750,50,0.01,1204.0,40.7589528561
2, SA,2000,0.95,1e-05,1375.0,2.01548814774
2, GA,750,50,0.05,1372.0,40.8365390301
2, SA,2000,0.95,0.001,1299.0,1.5149409771
2, GA,750,50,0.1,1407.0,40.9240260124
2, SA,2000,0.95,0.1,1265.0,1.02796792984
2, GA,750,100,0.01,1171.0,35.8189721107
2, SA,2000,0.99,1e-05,1378.0,10.1653058529
2, GA,750,100,0.05,1379.0,47.1227798462
2, SA,2000,0.99,0.001,1319.0,7.71023702621
2, GA,750,100,0.1,1633.0,47.2692101002
2, SA,2000,0.99,0.1,1376.0,5.2319560051
3, GA,100,10,0.01,123.0,5.30365300179
3, SA,500,0.85,1e-05,1148.0,0.530714988708
3, GA,100,10,0.05,751.0,5.32933998108
3, SA,500,0.85,0.001,1189.0,0.395181894302
3, GA,100,10,0.1,430.0,5.33453416824
3, SA,500,0.85,0.1,1041.0,0.25455904007
3, GA,100,25,0.01,246.0,6.40961408615
3, SA,500,0.9,1e-05,1162.0,0.842145204544
3, GA,100,25,0.05,817.0,5.00238513947
3, SA,500,0.9,0.001,1144.0,0.610008001328
3, GA,100,25,0.1,902.0,5.0560669899
3, SA,500,0.9,0.1,1115.0,0.396593093872
3, GA,100,50,0.01,879.0,6.81498289108
3, SA,500,0.95,1e-05,1214.0,1.71930813789
3, GA,100,50,0.05,966.0,8.24038720131
3, SA,500,0.95,0.001,1167.0,1.26188993454
3, GA,100,50,0.1,548.0,8.26877307892
3, SA,500,0.95,0.1,1210.0,0.822885036469
3, GA,100,100,0.01,0,0.084703207016
3, SA,500,0.99,1e-05,1282.0,8.62668776512
3, GA,100,100,0.05,679.0,0.0783920288086
3, SA,500,0.99,0.001,1196.0,6.36903190613
3, GA,100,100,0.1,0,0.0827031135559
3, SA,500,0.99,0.1,1229.0,4.13284277916
3, GA,200,10,0.01,882.0,7.03375482559
3, SA,750,0.85,1e-05,1141.0,0.546912908554
3, GA,200,10,0.05,917.0,7.0137360096
3, SA,750,0.85,0.001,1204.0,0.426114082336
3, GA,200,10,0.1,706.0,9.90044379234
3, SA,750,0.85,0.1,1151.0,0.264029026031
3, GA,200,25,0.01,1006.0,11.0615530014
3, SA,750,0.9,1e-05,1147.0,0.840726852417
3, GA,200,25,0.05,892.0,8.25287699699
3, SA,750,0.9,0.001,1232.0,0.631083965302
3, GA,200,25,0.1,1077.0,8.3062851429
3, SA,750,0.9,0.1,1174.0,0.407860040665
3, GA,200,50,0.01,989.0,13.0877828598
3, SA,750,0.95,1e-05,1218.0,1.72211003304
3, GA,200,50,0.05,945.0,10.335231781
3, SA,750,0.95,0.001,1208.0,1.30514383316
3, GA,200,50,0.1,805.0,10.3273570538
3, SA,750,0.95,0.1,1128.0,0.850594997406
3, GA,200,100,0.01,705.0,14.2642378807
3, SA,750,0.99,1e-05,1267.0,8.8496670723
3, GA,200,100,0.05,175.0,17.146679163
3, SA,750,0.99,0.001,1217.0,6.56221103668
3, GA,200,100,0.1,1171.0,17.178123951
3, SA,750,0.99,0.1,1226.0,4.3583650589
3, GA,500,10,0.01,911.0,16.4670710564
3, SA,1000,0.85,1e-05,1167.0,0.541447877884
3, GA,500,10,0.05,776.0,23.5284619331
3, SA,1000,0.85,0.001,1187.0,0.43011713028
3, GA,500,10,0.1,864.0,16.4788980484
3, SA,1000,0.85,0.1,1140.0,0.273641824722
3, GA,500,25,0.01,937.0,17.9715070724
3, SA,1000,0.9,1e-05,1227.0,0.846216917038
3, GA,500,25,0.05,1213.0,17.9534299374
3, SA,1000,0.9,0.001,1210.0,0.65404009819
3, GA,500,25,0.1,813.0,25.0701990128
3, SA,1000,0.9,0.1,1164.0,0.433264017105
3, GA,500,50,0.01,1063.0,27.6069478989
3, SA,1000,0.95,1e-05,1178.0,1.7447810173
3, GA,500,50,0.05,833.0,27.6326389313
3, SA,1000,0.95,0.001,1191.0,1.31046485901
3, GA,500,50,0.1,1049.0,20.8558189869
3, SA,1000,0.95,0.1,1341.0,0.865718126297
3, GA,500,100,0.01,716.0,25.7782211304
3, SA,1000,0.99,1e-05,1237.0,8.90127587318
3, GA,500,100,0.05,1094.0,25.8419539928
3, SA,1000,0.99,0.001,1339.0,6.69852304459
3, GA,500,100,0.1,1001.0,25.8927459717
3, SA,1000,0.99,0.1,1236.0,4.45710110664
3, GA,750,10,0.01,1003.0,34.6957659721
3, SA,2000,0.85,1e-05,1253.0,0.556561946869
3, GA,750,10,0.05,953.0,34.8997380733
3, SA,2000,0.85,0.001,1150.0,0.428008079529
3, GA,750,10,0.1,972.0,24.4308600426
3, SA,2000,0.85,0.1,1196.0,0.303844928741
3, GA,750,25,0.01,849.0,36.7358310223
3, SA,2000,0.9,1e-05,1100.0,0.906558990479
3, GA,750,25,0.05,1073.0,36.7752990723
3, SA,2000,0.9,0.001,1085.0,0.683264017105
3, GA,750,25,0.1,950.0,36.8265340328
3, SA,2000,0.9,0.1,1134.0,0.456308841705
3, GA,750,50,0.01,1135.0,29.2458260059
3, SA,2000,0.95,1e-05,1236.0,1.85897803307
3, GA,750,50,0.05,973.0,29.238615036
3, SA,2000,0.95,0.001,1216.0,1.38647389412
3, GA,750,50,0.1,1166.0,40.0432720184
3, SA,2000,0.95,0.1,1157.0,0.957517147064
3, GA,750,100,0.01,1138.0,35.4358050823
3, SA,2000,0.99,1e-05,1292.0,9.36560702324
3, GA,750,100,0.05,1106.0,35.5386769772
3, SA,2000,0.99,0.001,1258.0,7.08423089981
3, GA,750,100,0.1,888.0,35.7277171612
3, SA,2000,0.99,0.1,1336.0,4.78264784813
4, GA,100,10,0.01,1461.0,3.95225811005
4, SA,500,0.85,1e-05,1687.0,0.398931026459
4, GA,100,10,0.05,1461.0,3.96259117126
4, SA,500,0.85,0.001,1561.0,0.298810958862
4, GA,100,10,0.1,1595.0,3.97001004219
4, SA,500,0.85,0.1,1702.0,0.182911157608
4, GA,100,25,0.01,1562.0,5.04909181595
4, SA,500,0.9,1e-05,1573.0,0.612107992172
4, GA,100,25,0.05,1745.0,5.06431078911
4, SA,500,0.9,0.001,1577.0,0.443763971329
4, GA,100,25,0.1,1840.0,5.088534832
4, SA,500,0.9,0.1,1671.0,0.294406175613
4, GA,100,50,0.01,1706.0,6.89615082741
4, SA,500,0.95,1e-05,1576.0,1.26944708824
4, GA,100,50,0.05,1964.0,6.89741706848
4, SA,500,0.95,0.001,1670.0,0.926157951355
4, GA,100,50,0.1,1671.0,6.92165017128
4, SA,500,0.95,0.1,1549.0,0.599008083344
4, GA,100,100,0.01,1324.0,0.0806291103363
4, SA,500,0.99,1e-05,1754.0,6.35669088364
4, GA,100,100,0.05,1243.0,0.0801119804382
4, SA,500,0.99,0.001,1652.0,4.72427606583
4, GA,100,100,0.1,1406.0,0.0808579921722
4, SA,500,0.99,0.1,1703.0,3.03153586388
4, GA,200,10,0.01,1578.0,7.07904314995
4, SA,750,0.85,1e-05,1669.0,0.408168077469
4, GA,200,10,0.05,1535.0,7.10433316231
4, SA,750,0.85,0.001,1636.0,0.303308010101
4, GA,200,10,0.1,1778.0,7.14120316505
4, SA,750,0.85,0.1,1569.0,0.194471120834
4, GA,200,25,0.01,1698.0,8.31823611259
4, SA,750,0.9,1e-05,1599.0,0.626961946487
4, GA,200,25,0.05,1580.0,8.34824895859
4, SA,750,0.9,0.001,1648.0,0.458695173264
4, GA,200,25,0.1,1763.0,8.37728595734
4, SA,750,0.9,0.1,1625.0,0.297245025635
4, GA,200,50,0.01,1728.0,10.386425972
4, SA,750,0.95,1e-05,1749.0,1.28941202164
4, GA,200,50,0.05,1893.0,10.3827021122
4, SA,750,0.95,0.001,1680.0,0.960761070251
4, GA,200,50,0.1,1642.0,10.4152860641
4, SA,750,0.95,0.1,1647.0,0.642200946808
4, GA,200,100,0.01,1873.0,14.4682939053
4, SA,750,0.99,1e-05,1747.0,6.53664493561
4, GA,200,100,0.05,1752.0,14.4737701416
4, SA,750,0.99,0.001,1759.0,4.8329770565
4, GA,200,100,0.1,1929.0,14.5499849319
4, SA,750,0.99,0.1,1639.0,3.20231509209
4, GA,500,10,0.01,1777.0,25.2791428566
4, SA,1000,0.85,1e-05,1552.0,0.405111074448
4, GA,500,10,0.05,1611.0,16.6825759411
4, SA,1000,0.85,0.001,1465.0,0.322095155716
4, GA,500,10,0.1,1748.0,16.6156349182
4, SA,1000,0.85,0.1,1630.0,0.204671144485
4, GA,500,25,0.01,1781.0,18.1866149902
4, SA,1000,0.9,1e-05,1571.0,0.632045984268
4, GA,500,25,0.05,1861.0,18.2926790714
4, SA,1000,0.9,0.001,1618.0,0.478322982788
4, GA,500,25,0.1,1717.0,18.3973920345
4, SA,1000,0.9,0.1,1532.0,0.319675922394
4, GA,500,50,0.01,1872.0,20.8622870445
4, SA,1000,0.95,1e-05,1682.0,1.33923506737
4, GA,500,50,0.05,1739.0,20.965970993
4, SA,1000,0.95,0.001,1606.0,0.972794055939
4, GA,500,50,0.1,1710.0,21.053691864
4, SA,1000,0.95,0.1,1611.0,0.648350000381
4, GA,500,100,0.01,1892.0,26.3425939083
4, SA,1000,0.99,1e-05,1691.0,6.61804199219
4, GA,500,100,0.05,1828.0,26.3677129745
4, SA,1000,0.99,0.001,1667.0,5.00320291519
4, GA,500,100,0.1,1724.0,35.1916658878
4, SA,1000,0.99,0.1,1703.0,3.28635907173
4, GA,750,10,0.01,1634.0,24.5181138515
4, SA,2000,0.85,1e-05,1565.0,0.428931951523
4, GA,750,10,0.05,1843.0,24.5623910427
4, SA,2000,0.85,0.001,1545.0,0.322734117508
4, GA,750,10,0.1,1695.0,25.4576900005
4, SA,2000,0.85,0.1,1576.0,0.225286960602
4, GA,750,25,0.01,1830.0,26.3761560917
4, SA,2000,0.9,1e-05,1596.0,0.663925886154
4, GA,750,25,0.05,1797.0,26.520524025
4, SA,2000,0.9,0.001,1571.0,0.503046035767
4, GA,750,25,0.1,1837.0,26.7819838524
4, SA,2000,0.9,0.1,1611.0,0.336394071579
4, GA,750,50,0.01,1866.0,29.6904470921
4, SA,2000,0.95,1e-05,1679.0,1.3350918293
4, GA,750,50,0.05,1859.0,29.6697020531
4, SA,2000,0.95,0.001,1641.0,1.01008701324
4, GA,750,50,0.1,1965.0,29.7318930626
4, SA,2000,0.95,0.1,1607.0,0.698032855988
4, GA,750,100,0.01,1876.0,36.0251970291
4, SA,2000,0.99,1e-05,1781.0,6.82420420647
4, GA,750,100,0.05,1894.0,36.1363880634
4, SA,2000,0.99,0.001,1690.0,5.21659898758
4, GA,750,100,0.1,1942.0,36.2839519978
4, SA,2000,0.99,0.1,1777.0,3.5943748951
5, GA,100,10,0.01,1544.0,3.92086291313
5, SA,500,0.85,1e-05,1537.0,0.389491796494
5, GA,100,10,0.05,1349.0,3.92203688622
5, SA,500,0.85,0.001,1489.0,0.284400939941
5, GA,100,10,0.1,1375.0,3.94288802147
5, SA,500,0.85,0.1,1472.0,0.18778014183
5, GA,100,25,0.01,1417.0,5.01428508759
5, SA,500,0.9,1e-05,1605.0,0.61128115654
5, GA,100,25,0.05,1564.0,5.03132104874
5, SA,500,0.9,0.001,1546.0,0.425765991211
5, GA,100,25,0.1,1429.0,5.04890108109
5, SA,500,0.9,0.1,1453.0,0.290369033813
5, GA,100,50,0.01,1426.0,6.82634902
5, SA,500,0.95,1e-05,1624.0,1.23375797272
5, GA,100,50,0.05,1576.0,6.8432071209
5, SA,500,0.95,0.001,1541.0,0.898870944977
5, GA,100,50,0.1,1600.0,6.86675000191
5, SA,500,0.95,0.1,1614.0,0.58139705658
5, GA,100,100,0.01,1321.0,0.0795259475708
5, SA,500,0.99,1e-05,1640.0,6.19279694557
5, GA,100,100,0.05,1164.0,0.0797741413116
5, SA,500,0.99,0.001,1609.0,4.51293897629
5, GA,100,100,0.1,1483.0,0.0796310901642
5, SA,500,0.99,0.1,1622.0,2.96695399284
5, GA,200,10,0.01,1537.0,9.97158694267
5, SA,750,0.85,1e-05,1618.0,0.385866880417
5, GA,200,10,0.05,1569.0,7.05098819733
5, SA,750,0.85,0.001,1524.0,0.292526006699
5, GA,200,10,0.1,1598.0,7.13515114784
5, SA,750,0.85,0.1,1507.0,0.201233148575
5, GA,200,25,0.01,1679.0,8.25742197037
5, SA,750,0.9,1e-05,1570.0,0.611261129379
5, GA,200,25,0.05,1599.0,8.3034799099
5, SA,750,0.9,0.001,1543.0,0.457118034363
5, GA,200,25,0.1,1541.0,8.31730604172
5, SA,750,0.9,0.1,1514.0,0.30228805542
5, GA,200,50,0.01,1576.0,10.3101639748
5, SA,750,0.95,1e-05,1575.0,1.25687193871
5, GA,200,50,0.05,1550.0,10.3418200016
5, SA,750,0.95,0.001,1554.0,0.940254926682
5, GA,200,50,0.1,1603.0,10.3755931854
5, SA,750,0.95,0.1,1531.0,0.620707035065
5, GA,200,100,0.01,1606.0,14.3840148449
5, SA,750,0.99,1e-05,1671.0,6.32939100266
5, GA,200,100,0.05,1646.0,14.4250488281
5, SA,750,0.99,0.001,1609.0,4.73643302917
5, GA,200,100,0.1,1655.0,14.4569518566
5, SA,750,0.99,0.1,1580.0,3.12254905701
5, GA,500,10,0.01,1566.0,23.5575170517
5, SA,1000,0.85,1e-05,1584.0,0.412702798843
5, GA,500,10,0.05,1621.0,16.5323650837
5, SA,1000,0.85,0.001,1530.0,0.309282064438
5, GA,500,10,0.1,1548.0,16.6340332031
5, SA,1000,0.85,0.1,1557.0,0.191651105881
5, GA,500,25,0.01,1579.0,18.1383199692
5, SA,1000,0.9,1e-05,1551.0,0.631631135941
5, GA,500,25,0.05,1603.0,18.205329895
5, SA,1000,0.9,0.001,1476.0,0.475142002106
5, GA,500,25,0.1,1566.0,18.2483739853
5, SA,1000,0.9,0.1,1626.0,0.311251878738
5, GA,500,50,0.01,1627.0,21.2152359486
5, SA,1000,0.95,1e-05,1601.0,1.27501893044
5, GA,500,50,0.05,1663.0,20.8277118206
5, SA,1000,0.95,0.001,1519.0,0.944053888321
5, GA,500,50,0.1,1660.0,20.8784148693
5, SA,1000,0.95,0.1,1567.0,0.643538951874
5, GA,500,100,0.01,1726.0,26.1450960636
5, SA,1000,0.99,1e-05,1612.0,6.47120308876
5, GA,500,100,0.05,1726.0,26.1687848568
5, SA,1000,0.99,0.001,1587.0,4.84161901474
5, GA,500,100,0.1,1763.0,26.2576680183
5, SA,1000,0.99,0.1,1581.0,3.227891922
5, GA,750,10,0.01,1712.0,24.3009297848
5, SA,2000,0.85,1e-05,1588.0,0.414967060089
5, GA,750,10,0.05,1600.0,24.4585909843
5, SA,2000,0.85,0.001,1474.0,0.324251174927
5, GA,750,10,0.1,1657.0,24.36013484
5, SA,2000,0.85,0.1,1471.0,0.206963062286
5, GA,750,25,0.01,1705.0,26.1846251488
5, SA,2000,0.9,1e-05,1575.0,0.653053998947
5, GA,750,25,0.05,1591.0,26.7178330421
5, SA,2000,0.9,0.001,1530.0,0.498652935028
5, GA,750,25,0.1,1631.0,26.5789470673
5, SA,2000,0.9,0.1,1519.0,0.331374883652
5, GA,750,50,0.01,1678.0,29.4020018578
5, SA,2000,0.95,1e-05,1615.0,1.30679512024
5, GA,750,50,0.05,1665.0,29.9299969673
5, SA,2000,0.95,0.001,1543.0,0.995218992233
5, GA,750,50,0.1,1584.0,29.5843720436
5, SA,2000,0.95,0.1,1518.0,0.681854009628
5, GA,750,100,0.01,1725.0,35.7492759228
5, SA,2000,0.99,1e-05,1708.0,6.71159815788
5, GA,750,100,0.05,1721.0,35.8813760281
5, SA,2000,0.99,0.001,1569.0,5.04668784142
5, GA,750,100,0.1,1517.0,46.7143499851
5, SA,2000,0.99,0.1,1595.0,3.4610478878
6, GA,100,10,0.01,1523.0,3.9600918293
6, SA,500,0.85,1e-05,1514.0,0.418622970581
6, GA,100,10,0.05,1393.0,3.91423106194
6, SA,500,0.85,0.001,1497.0,0.305387020111
6, GA,100,10,0.1,1323.0,3.9325799942
6, SA,500,0.85,0.1,1368.0,0.220504045486
6, GA,100,25,0.01,1558.0,5.0113120079
6, SA,500,0.9,1e-05,1587.0,0.64933681488
6, GA,100,25,0.05,1218.0,5.01960396767
6, SA,500,0.9,0.001,1493.0,0.467180013657
6, GA,100,25,0.1,1499.0,5.03562998772
6, SA,500,0.9,0.1,1579.0,0.32023191452
6, GA,100,50,0.01,1409.0,6.82853484154
6, SA,500,0.95,1e-05,1550.0,1.33955812454
6, GA,100,50,0.05,1291.0,6.84456801414
6, SA,500,0.95,0.001,1587.0,0.979794025421
6, GA,100,50,0.1,1383.0,6.84269213676
6, SA,500,0.95,0.1,1598.0,0.64653801918
6, GA,100,100,0.01,1111.0,0.0797071456909
6, SA,500,0.99,1e-05,1620.0,6.77723789215
6, GA,100,100,0.05,1397.0,0.0824589729309
6, SA,500,0.99,0.001,1577.0,4.99716091156
6, GA,100,100,0.1,1502.0,0.0815827846527
6, SA,500,0.99,0.1,1573.0,3.27157497406
6, GA,200,10,0.01,1353.0,10.3806519508
6, SA,750,0.85,1e-05,1580.0,0.436258077621
6, GA,200,10,0.05,1258.0,7.07912683487
6, SA,750,0.85,0.001,1457.0,0.326656103134
6, GA,200,10,0.1,1611.0,7.11350893974
6, SA,750,0.85,0.1,1453.0,0.206285953522
6, GA,200,25,0.01,1409.0,11.5991849899
6, SA,750,0.9,1e-05,1443.0,0.652126073837
6, GA,200,25,0.05,1560.0,8.26308894157
6, SA,750,0.9,0.001,1658.0,0.497617959976
6, GA,200,25,0.1,1410.0,8.54695487022
6, SA,750,0.9,0.1,1440.0,0.325486183167
6, GA,200,50,0.01,1674.0,10.3045430183
6, SA,750,0.95,1e-05,1633.0,1.3701479435
6, GA,200,50,0.05,1768.0,10.3443140984
6, SA,750,0.95,0.001,1592.0,1.00195097923
6, GA,200,50,0.1,1641.0,10.3717010021
6, SA,750,0.95,0.1,1621.0,0.68058681488
6, GA,200,100,0.01,1597.0,14.3850209713
6, SA,750,0.99,1e-05,1676.0,6.97122597694
6, GA,200,100,0.05,1725.0,14.3992609978
6, SA,750,0.99,0.001,1645.0,5.18254685402
6, GA,200,100,0.1,1500.0,14.4309821129
6, SA,750,0.99,0.1,1592.0,3.42806601524
6, GA,500,10,0.01,1484.0,16.4823479652
6, SA,1000,0.85,1e-05,1580.0,0.441651105881
6, GA,500,10,0.05,1519.0,16.6379439831
6, SA,1000,0.85,0.001,1457.0,0.33652305603
6, GA,500,10,0.1,1528.0,16.753497839
6, SA,1000,0.85,0.1,1453.0,0.22586607933
6, GA,500,25,0.01,1592.0,18.0940260887
6, SA,1000,0.9,1e-05,1542.0,0.67320895195
6, GA,500,25,0.05,1679.0,26.5516860485
6, SA,1000,0.9,0.001,1530.0,0.515737056732
6, GA,500,25,0.1,1671.0,18.2467520237
6, SA,1000,0.9,0.1,1472.0,0.345147848129
6, GA,500,50,0.01,1833.0,20.7702558041
6, SA,1000,0.95,1e-05,1607.0,1.37190699577
6, GA,500,50,0.05,1669.0,20.8324139118
6, SA,1000,0.95,0.001,1465.0,1.03079295158
6, GA,500,50,0.1,1702.0,20.8953309059
6, SA,1000,0.95,0.1,1720.0,0.700659990311
6, GA,500,100,0.01,1838.0,26.0789711475
6, SA,1000,0.99,1e-05,1623.0,7.09951996803
6, GA,500,100,0.05,1741.0,34.4278919697
6, SA,1000,0.99,0.001,1615.0,5.28061699867
6, GA,500,100,0.1,1743.0,26.2071390152
6, SA,1000,0.99,0.1,1609.0,3.55123710632
6, GA,750,10,0.01,1585.0,28.3106150627
6, SA,2000,0.85,1e-05,1445.0,0.462900876999
6, GA,750,10,0.05,1585.0,24.4482018948
6, SA,2000,0.85,0.001,1435.0,0.346216917038
6, GA,750,10,0.1,1477.0,36.9702968597
6, SA,2000,0.85,0.1,1509.0,0.237936019897
6, GA,750,25,0.01,1595.0,26.0915009975
6, SA,2000,0.9,1e-05,1520.0,0.709698915482
6, GA,750,25,0.05,1687.0,26.4173469543
6, SA,2000,0.9,0.001,1473.0,0.529803037643
6, GA,750,25,0.1,1587.0,26.4800038338
6, SA,2000,0.9,0.1,1500.0,0.361716985703
6, GA,750,50,0.01,1585.0,29.3990960121
6, SA,2000,0.95,1e-05,1518.0,1.44784188271
6, GA,750,50,0.05,1824.0,42.0014650822
6, SA,2000,0.95,0.001,1594.0,1.08289194107
6, GA,750,50,0.1,1995.0,42.1673679352
6, SA,2000,0.95,0.1,1533.0,0.738785982132
6, GA,750,100,0.01,1642.0,48.1456010342
6, SA,2000,0.99,1e-05,1611.0,7.32959198952
6, GA,750,100,0.05,1505.0,48.2826430798
6, SA,2000,0.99,0.001,1656.0,5.56656098366
6, GA,750,100,0.1,1641.0,48.323802948
6, SA,2000,0.99,0.1,1623.0,3.79770493507
7, GA,100,10,0.01,946.0,5.44088792801
7, SA,500,0.85,1e-05,922.0,0.704541921616
7, GA,100,10,0.05,336.0,5.45050883293
7, SA,500,0.85,0.001,878.0,0.529253959656
7, GA,100,10,0.1,740.0,3.96339893341
7, SA,500,0.85,0.1,899.0,0.334481954575
7, GA,100,25,0.01,189.0,6.48853182793
7, SA,500,0.9,1e-05,901.0,1.06198787689
7, GA,100,25,0.05,70.0,6.49821305275
7, SA,500,0.9,0.001,905.0,0.797304153442
7, GA,100,25,0.1,625.0,6.59152913094
7, SA,500,0.9,0.1,914.0,0.516984939575
7, GA,100,50,0.01,16.0,8.33582901955
7, SA,500,0.95,1e-05,955.0,2.1508140564
7, GA,100,50,0.05,365.0,8.38536405563
7, SA,500,0.95,0.001,953.0,1.6334168911
7, GA,100,50,0.1,620.0,8.51720905304
7, SA,500,0.95,0.1,930.0,1.04868197441
7, GA,100,100,0.01,0,0.0827000141144
7, SA,500,0.99,1e-05,975.0,11.1040861607
7, GA,100,100,0.05,0,0.141651153564
7, SA,500,0.99,0.001,944.0,8.18998908997
7, GA,100,100,0.1,0,0.125689029694
7, SA,500,0.99,0.1,967.0,5.32286596298
7, GA,200,10,0.01,673.0,7.16191911697
7, SA,750,0.85,1e-05,905.0,0.734745025635
7, GA,200,10,0.05,97.0,9.97249007225
7, SA,750,0.85,0.001,913.0,0.534368991852
7, GA,200,10,0.1,404.0,7.14747595787
7, SA,750,0.85,0.1,945.0,0.344830989838
7, GA,200,25,0.01,412.0,11.3778369427
7, SA,750,0.9,1e-05,890.0,1.09482693672
7, GA,200,25,0.05,710.0,8.36042189598
7, SA,750,0.9,0.001,870.0,0.832046985626
7, GA,200,25,0.1,958.0,11.2260940075
7, SA,750,0.9,0.1,917.0,0.520572900772
7, GA,200,50,0.01,948.0,13.2585089207
7, SA,750,0.95,1e-05,957.0,2.24623012543
7, GA,200,50,0.05,134.0,13.3559851646
7, SA,750,0.95,0.001,915.0,1.67632913589
7, GA,200,50,0.1,841.0,13.3221991062
7, SA,750,0.95,0.1,922.0,1.1050260067
7, GA,200,100,0.01,701.0,14.4689939022
7, SA,750,0.99,1e-05,946.0,11.3799450397
7, GA,200,100,0.05,607.0,14.6654989719
7, SA,750,0.99,0.001,963.0,8.51546311378
7, GA,200,100,0.1,9.0,17.5062720776
7, SA,750,0.99,0.1,931.0,5.57404899597
7, GA,500,10,0.01,126.0,23.751240015
7, SA,1000,0.85,1e-05,911.0,0.721868991852
7, GA,500,10,0.05,638.0,23.8540461063
7, SA,1000,0.85,0.001,898.0,0.533288955688
7, GA,500,10,0.1,816.0,23.9097349644
7, SA,1000,0.85,0.1,899.0,0.359260082245
7, GA,500,25,0.01,672.0,18.1153531075
7, SA,1000,0.9,1e-05,926.0,1.09981799126
7, GA,500,25,0.05,603.0,18.2578940392
7, SA,1000,0.9,0.001,903.0,0.831805944443
7, GA,500,25,0.1,902.0,25.4940948486
7, SA,1000,0.9,0.1,886.0,0.557549953461
7, GA,500,50,0.01,731.0,27.9654319286
7, SA,1000,0.95,1e-05,960.0,2.25844287872
7, GA,500,50,0.05,401.0,28.1057519913
7, SA,1000,0.95,0.001,937.0,1.72770500183
7, GA,500,50,0.1,365.0,28.0849680901
7, SA,1000,0.95,0.1,926.0,1.15064001083
7, GA,500,100,0.01,716.0,33.2854948044
7, SA,1000,0.99,1e-05,946.0,11.5442581177
7, GA,500,100,0.05,332.0,33.3553481102
7, SA,1000,0.99,0.001,985.0,8.75822210312
7, GA,500,100,0.1,771.0,33.4611902237
7, SA,1000,0.99,0.1,958.0,5.79716897011
7, GA,750,10,0.01,63.0,35.0783958435
7, SA,2000,0.85,1e-05,942.0,0.757079124451
7, GA,750,10,0.05,104.0,35.1632339954
7, SA,2000,0.85,0.001,911.0,0.570958852768
7, GA,750,10,0.1,738.0,24.5102210045
7, SA,2000,0.85,0.1,894.0,0.375048160553
7, GA,750,25,0.01,64.0,37.0992588997
7, SA,2000,0.9,1e-05,924.0,1.13255095482
7, GA,750,25,0.05,297.0,37.086838007
7, SA,2000,0.9,0.001,948.0,0.854353904724
7, GA,750,25,0.1,501.0,37.3001248837
7, SA,2000,0.9,0.1,891.0,0.580646038055
7, GA,750,50,0.01,718.0,40.1525580883
7, SA,2000,0.95,1e-05,924.0,2.34401583672
7, GA,750,50,0.05,572.0,40.1666910648
7, SA,2000,0.95,0.001,912.0,1.75819993019
7, GA,750,50,0.1,284.0,40.3560490608
7, SA,2000,0.95,0.1,989.0,1.18771886826
7, GA,750,100,0.01,808.0,46.5911009312
7, SA,2000,0.99,1e-05,957.0,11.9666149616
7, GA,750,100,0.05,559.0,35.8171339035
7, SA,2000,0.99,0.001,975.0,9.00647711754
7, GA,750,100,0.1,880.0,47.2585418224
7, SA,2000,0.99,0.1,952.0,6.22082304955
8, GA,100,10,0.01,1011.0,5.36868000031
8, SA,500,0.85,1e-05,768.0,0.736792087555
8, GA,100,10,0.05,94.0,5.38560509682
8, SA,500,0.85,0.001,749.0,0.539175987244
8, GA,100,10,0.1,57.0,5.51719594002
8, SA,500,0.85,0.1,736.0,0.356775045395
8, GA,100,25,0.01,717.0,6.53968811035
8, SA,500,0.9,1e-05,758.0,1.115473032
8, GA,100,25,0.05,675.0,6.5324640274
8, SA,500,0.9,0.001,740.0,0.839301109314
8, GA,100,25,0.1,498.0,6.53052783012
8, SA,500,0.9,0.1,749.0,0.529068946838
8, GA,100,50,0.01,765.0,8.39020419121
8, SA,500,0.95,1e-05,750.0,2.33400797844
8, GA,100,50,0.05,559.0,8.51832890511
8, SA,500,0.95,0.001,757.0,1.68699002266
8, GA,100,50,0.1,571.0,8.35241889954
8, SA,500,0.95,0.1,789.0,1.14827489853
8, GA,100,100,0.01,0,0.315310955048
8, SA,500,0.99,1e-05,792.0,11.8297400475
8, GA,100,100,0.05,0,0.0865099430084
8, SA,500,0.99,0.001,784.0,8.80416107178
8, GA,100,100,0.1,0,0.102030992508
8, SA,500,0.99,0.1,782.0,5.69800496101
8, GA,200,10,0.01,80.0,9.98689007759
8, SA,750,0.85,1e-05,739.0,0.75352191925
8, GA,200,10,0.05,514.0,7.10418510437
8, SA,750,0.85,0.001,744.0,0.56401014328
8, GA,200,10,0.1,605.0,10.0296618938
8, SA,750,0.85,0.1,710.0,0.3729429245
8, GA,200,25,0.01,414.0,11.2523560524
8, SA,750,0.9,1e-05,742.0,1.15560102463
8, GA,200,25,0.05,341.0,11.2101919651
8, SA,750,0.9,0.001,763.0,0.868314027786
8, GA,200,25,0.1,372.0,11.2688729763
8, SA,750,0.9,0.1,720.0,0.581461906433
8, GA,200,50,0.01,785.0,13.2674760818
8, SA,750,0.95,1e-05,796.0,2.41742897034
8, GA,200,50,0.05,709.0,13.295773983
8, SA,750,0.95,0.001,778.0,1.77946400642
8, GA,200,50,0.1,392.0,13.3978860378
8, SA,750,0.95,0.1,739.0,1.14832496643
8, GA,200,100,0.01,489.0,17.3282420635
8, SA,750,0.99,1e-05,781.0,12.0756628513
8, GA,200,100,0.05,578.0,17.4161319733
8, SA,750,0.99,0.001,786.0,8.99970197678
8, GA,200,100,0.1,11.0,17.453099966
8, SA,750,0.99,0.1,785.0,5.93530988693
8, GA,500,10,0.01,277.0,23.933275938
8, SA,1000,0.85,1e-05,736.0,0.776271820068
8, GA,500,10,0.05,894.0,23.8739731312
8, SA,1000,0.85,0.001,771.0,0.575092077255
8, GA,500,10,0.1,923.0,24.0277991295
8, SA,1000,0.85,0.1,764.0,0.38266992569
8, GA,500,25,0.01,779.0,25.395783186
8, SA,1000,0.9,1e-05,748.0,1.19187092781
8, GA,500,25,0.05,611.0,25.5089838505
8, SA,1000,0.9,0.001,744.0,0.877716064453
8, GA,500,25,0.1,264.0,25.5674061775
8, SA,1000,0.9,0.1,744.0,0.595828056335
8, GA,500,50,0.01,655.0,28.1045281887
8, SA,1000,0.95,1e-05,758.0,2.40808296204
8, GA,500,50,0.05,576.0,28.1605658531
8, SA,1000,0.95,0.001,754.0,1.78471302986
8, GA,500,50,0.1,567.0,20.8500640392
8, SA,1000,0.95,0.1,767.0,1.20318412781
8, GA,500,100,0.01,354.0,33.4029757977
8, SA,1000,0.99,1e-05,773.0,12.3016660213
8, GA,500,100,0.05,552.0,33.4002900124
8, SA,1000,0.99,0.001,790.0,9.19133496284
8, GA,500,100,0.1,82.0,33.8095979691
8, SA,1000,0.99,0.1,771.0,6.14317202568
8, GA,750,10,0.01,998.0,35.2867958546
8, SA,2000,0.85,1e-05,743.0,0.77548289299
8, GA,750,10,0.05,761.0,35.426295042
8, SA,2000,0.85,0.001,751.0,0.596319198608
8, GA,750,10,0.1,838.0,35.5121281147
8, SA,2000,0.85,0.1,747.0,0.410724878311
8, GA,750,25,0.01,748.0,37.7273190022
8, SA,2000,0.9,1e-05,771.0,1.23386502266
8, GA,750,25,0.05,616.0,26.5553998947
8, SA,2000,0.9,0.001,745.0,0.942749977112
8, GA,750,25,0.1,749.0,38.2668190002
8, SA,2000,0.9,0.1,759.0,0.630205869675
8, GA,750,50,0.01,736.0,40.5853390694
8, SA,2000,0.95,1e-05,752.0,2.50916695595
8, GA,750,50,0.05,602.0,40.8429350853
8, SA,2000,0.95,0.001,753.0,1.88439702988
8, GA,750,50,0.1,24.0,40.6222589016
8, SA,2000,0.95,0.1,759.0,1.3207719326
8, GA,750,100,0.01,270.0,46.690171957
8, SA,2000,0.99,1e-05,783.0,12.8433599472
8, GA,750,100,0.05,766.0,46.7451570034
8, SA,2000,0.99,0.001,803.0,9.68288111687
8, GA,750,100,0.1,789.0,46.9516870975
8, SA,2000,0.99,0.1,785.0,6.59622216225
9, GA,100,10,0.01,969.0,3.91507792473
9, SA,500,0.85,1e-05,1229.0,0.51579284668
9, GA,100,10,0.05,929.0,5.63757491112
9, SA,500,0.85,0.001,1222.0,0.374597787857
9, GA,100,10,0.1,1162.0,3.93416190147
9, SA,500,0.85,0.1,1165.0,0.250831842422
9, GA,100,25,0.01,945.0,4.9980931282
9, SA,500,0.9,1e-05,1154.0,0.7814848423
9, GA,100,25,0.05,775.0,5.00958585739
9, SA,500,0.9,0.001,1156.0,0.581061840057
9, GA,100,25,0.1,922.0,5.05331611633
9, SA,500,0.9,0.1,1177.0,0.371957063675
9, GA,100,50,0.01,1578.0,8.54019999504
9, SA,500,0.95,1e-05,1182.0,1.61876010895
9, GA,100,50,0.05,862.0,6.83454298973
9, SA,500,0.95,0.001,1197.0,1.17771410942
9, GA,100,50,0.1,840.0,8.56871986389
9, SA,500,0.95,0.1,1175.0,0.769454956055
9, GA,100,100,0.01,1186.0,0.0799870491028
9, SA,500,0.99,1e-05,1261.0,8.1347489357
9, GA,100,100,0.05,685.0,0.0806250572205
9, SA,500,0.99,0.001,1250.0,5.98965096474
9, GA,100,100,0.1,952.0,0.080267906189
9, SA,500,0.99,0.1,1223.0,3.88201594353
9, GA,200,10,0.01,1663.0,10.4837100506
9, SA,750,0.85,1e-05,1190.0,0.523172140121
9, GA,200,10,0.05,1314.0,10.5289461613
9, SA,750,0.85,0.001,1150.0,0.38671207428
9, GA,200,10,0.1,1266.0,10.550784111
9, SA,750,0.85,0.1,1117.0,0.258577108383
9, GA,200,25,0.01,1315.0,11.7064759731
9, SA,750,0.9,1e-05,1175.0,0.79545712471
9, GA,200,25,0.05,1790.0,11.7405650616
9, SA,750,0.9,0.001,1200.0,0.595551967621
9, GA,200,25,0.1,1107.0,11.7431349754
9, SA,750,0.9,0.1,1217.0,0.38233089447
9, GA,200,50,0.01,1361.0,13.7316758633
9, SA,750,0.95,1e-05,1158.0,1.64333295822
9, GA,200,50,0.05,1292.0,13.7494440079
9, SA,750,0.95,0.001,1203.0,1.22323489189
9, GA,200,50,0.1,967.0,10.3345758915
9, SA,750,0.95,0.1,1215.0,0.787355899811
9, GA,200,100,0.01,942.0,14.3203370571
9, SA,750,0.99,1e-05,1255.0,8.40189003944
9, GA,200,100,0.05,1605.0,17.8010628223
9, SA,750,0.99,0.001,1242.0,6.16361808777
9, GA,200,100,0.1,1205.0,17.8404369354
9, SA,750,0.99,0.1,1233.0,4.08172798157
9, GA,500,10,0.01,1307.0,25.0652019978
9, SA,1000,0.85,1e-05,1147.0,0.532012939453
9, GA,500,10,0.05,1337.0,25.1869828701
9, SA,1000,0.85,0.001,1132.0,0.394516944885
9, GA,500,10,0.1,1359.0,25.2796490192
9, SA,1000,0.85,0.1,1135.0,0.269661903381
9, GA,500,25,0.01,1316.0,26.7219769955
9, SA,1000,0.9,1e-05,1162.0,0.794322967529
9, GA,500,25,0.05,1175.0,26.7127139568
9, SA,1000,0.9,0.001,1200.0,0.600777864456
9, GA,500,25,0.1,1535.0,26.8794441223
9, SA,1000,0.9,0.1,1242.0,0.407250165939
9, GA,500,50,0.01,1054.0,20.7453830242
9, SA,1000,0.95,1e-05,1172.0,1.63250494003
9, GA,500,50,0.05,1691.0,29.4579379559
9, SA,1000,0.95,0.001,1276.0,1.23500394821
9, GA,500,50,0.1,1375.0,29.5199818611
9, SA,1000,0.95,0.1,1194.0,0.83610200882
9, GA,500,100,0.01,1516.0,34.6853899956
9, SA,1000,0.99,1e-05,1269.0,8.41063094139
9, GA,500,100,0.05,977.0,26.1235799789
9, SA,1000,0.99,0.001,1225.0,6.24838089943
9, GA,500,100,0.1,1249.0,34.8136730194
9, SA,1000,0.99,0.1,1234.0,4.20522880554
9, GA,750,10,0.01,1613.0,37.2932319641
9, SA,2000,0.85,1e-05,1211.0,0.528388977051
9, GA,750,10,0.05,1443.0,37.3893780708
9, SA,2000,0.85,0.001,1142.0,0.418160915375
9, GA,750,10,0.1,1796.0,37.4928760529
9, SA,2000,0.85,0.1,1111.0,0.278948068619
9, GA,750,25,0.01,1483.0,39.1779270172
9, SA,2000,0.9,1e-05,1180.0,0.854509115219
9, GA,750,25,0.05,1734.0,39.3266379833
9, SA,2000,0.9,0.001,1213.0,0.646641969681
9, GA,750,25,0.1,1867.0,39.4178609848
9, SA,2000,0.9,0.1,1154.0,0.429726839066
9, GA,750,50,0.01,1522.0,42.3334319592
9, SA,2000,0.95,1e-05,1247.0,1.69778490067
9, GA,750,50,0.05,1685.0,42.5349500179
9, SA,2000,0.95,0.001,1193.0,1.29728293419
9, GA,750,50,0.1,1109.0,42.4576830864
9, SA,2000,0.95,0.1,1247.0,0.886127948761
9, GA,750,100,0.01,1525.0,48.7551732063
9, SA,2000,0.99,1e-05,1279.0,8.67546010017
9, GA,750,100,0.05,1516.0,48.8728480339
9, SA,2000,0.99,0.001,1234.0,6.60346412659
9, GA,750,100,0.1,1387.0,49.0581891537
9, SA,2000,0.99,0.1,1236.0,4.50366997719
10, GA,100,10,0.01,1503,0.0541870594025
10, SA,500,0.85,1e-05,1560.0,0.110421895981
10, GA,100,10,0.05,1526,0.0541670322418
10, SA,500,0.85,0.001,1512.0,0.0804049968719
10, GA,100,10,0.1,1549,0.0542361736298
10, SA,500,0.85,0.1,1630.0,0.0526549816132
10, GA,100,25,0.01,1507,0.054615020752
10, SA,500,0.9,1e-05,1545.0,0.169459104538
10, GA,100,25,0.05,1381,0.0538969039917
10, SA,500,0.9,0.001,1563.0,0.123496055603
10, GA,100,25,0.1,1418,0.0538790225983
10, SA,500,0.9,0.1,1619.0,0.0802390575409
10, GA,100,50,0.01,1376,0.0539970397949
10, SA,500,0.95,1e-05,1665.0,0.343910932541
10, GA,100,50,0.05,1438,0.0539801120758
10, SA,500,0.95,0.001,1598.0,0.252794981003
10, GA,100,50,0.1,1410,0.0539269447327
10, SA,500,0.95,0.1,1545.0,0.165150165558
10, GA,100,100,0.01,1488,0.0545380115509
10, SA,500,0.99,1e-05,1606.0,1.73584699631
10, GA,100,100,0.05,1525,0.0542478561401
10, SA,500,0.99,0.001,1631.0,1.28456616402
10, GA,100,100,0.1,1559,0.0536088943481
10, SA,500,0.99,0.1,1612.0,0.834703922272
10, GA,200,10,0.01,1478,0.071524143219
10, SA,750,0.85,1e-05,1565.0,0.11127614975
10, GA,200,10,0.05,1486,0.0716648101807
10, SA,750,0.85,0.001,1591.0,0.0837819576263
10, GA,200,10,0.1,1638,0.0715980529785
10, SA,750,0.85,0.1,1596.0,0.0540759563446
10, GA,200,25,0.01,1452,0.0723650455475
10, SA,750,0.9,1e-05,1608.0,0.16984796524
10, GA,200,25,0.05,1476,0.0715711116791
10, SA,750,0.9,0.001,1589.0,0.128117084503
10, GA,200,25,0.1,1451,0.0716121196747
10, SA,750,0.9,0.1,1623.0,0.0842461585999
10, GA,200,50,0.01,1426,0.0727159976959
10, SA,750,0.95,1e-05,1691.0,0.348699092865
10, GA,200,50,0.05,1478,0.0714437961578
10, SA,750,0.95,0.001,1592.0,0.26083111763
10, GA,200,50,0.1,1421,0.0720970630646
10, SA,750,0.95,0.1,1572.0,0.170201063156
10, GA,200,100,0.01,1546,0.0711898803711
10, SA,750,0.99,1e-05,1626.0,1.78426194191
10, GA,200,100,0.05,1470,0.071702003479
10, SA,750,0.99,0.001,1732.0,1.32261395454
10, GA,200,100,0.1,1529,0.0718259811401
10, SA,750,0.99,0.1,1677.0,0.878582954407
10, GA,500,10,0.01,1551,0.127544879913
10, SA,1000,0.85,1e-05,1577.0,0.112677097321
10, GA,500,10,0.05,1534,0.126106023788
10, SA,1000,0.85,0.001,1576.0,0.0862910747528
10, GA,500,10,0.1,1550,0.126285076141
10, SA,1000,0.85,0.1,1608.0,0.0564408302307
10, GA,500,25,0.01,1494,0.128306150436
10, SA,1000,0.9,1e-05,1580.0,0.174558162689
10, GA,500,25,0.05,1539,0.127360105515
10, SA,1000,0.9,0.001,1533.0,0.13224697113
10, GA,500,25,0.1,1540,0.127015113831
10, SA,1000,0.9,0.1,1541.0,0.0868139266968
10, GA,500,50,0.01,1498,0.126848936081
10, SA,1000,0.95,1e-05,1605.0,0.355831861496
10, GA,500,50,0.05,1544,0.127206087112
10, SA,1000,0.95,0.001,1621.0,0.267439842224
10, GA,500,50,0.1,1452,0.127698898315
10, SA,1000,0.95,0.1,1622.0,0.177400112152
10, GA,500,100,0.01,1533,0.126246929169
10, SA,1000,0.99,1e-05,1694.0,1.81106114388
10, GA,500,100,0.05,1605,0.127649068832
10, SA,1000,0.99,0.001,1669.0,1.34864115715
10, GA,500,100,0.1,1501,0.127531051636
10, SA,1000,0.99,0.1,1638.0,0.906116008759
10, GA,750,10,0.01,1549,0.170110225677
10, SA,2000,0.85,1e-05,1582.0,0.118084192276
10, GA,750,10,0.05,1518,0.169677019119
10, SA,2000,0.85,0.001,1581.0,0.0899379253387
10, GA,750,10,0.1,1510,0.170869112015
10, SA,2000,0.85,0.1,1565.0,0.0601511001587
10, GA,750,25,0.01,1558,0.170894145966
10, SA,2000,0.9,1e-05,1606.0,0.180062055588
10, GA,750,25,0.05,1523,0.171190023422
10, SA,2000,0.9,0.001,1601.0,0.135730981827
10, GA,750,25,0.1,1531,0.172328948975
10, SA,2000,0.9,0.1,1601.0,0.0939891338348
10, GA,750,50,0.01,1541,0.17230796814
10, SA,2000,0.95,1e-05,1642.0,0.368385076523
10, GA,750,50,0.05,1520,0.170729160309
10, SA,2000,0.95,0.001,1652.0,0.280581951141
10, GA,750,50,0.1,1570,0.171603918076
10, SA,2000,0.95,0.1,1642.0,0.191566944122
10, GA,750,100,0.01,1498,0.171527147293
10, SA,2000,0.99,1e-05,1629.0,1.88666200638
10, GA,750,100,0.05,1537,0.171807050705
10, SA,2000,0.99,0.001,1666.0,1.42016816139
10, GA,750,100,0.1,1575,0.171612977982
10, SA,2000,0.99,0.1,1685.0,0.970191955566
